{
  "hyperparameters": {
    "latent_dimension": 128,
    "mlp_hidden_size": [
      600
    ],
    "dropout_prob": 0.3021869135329594,
    "anneal_cap": 0.2,
    "learning_rate": 0.0005169775649671476
  },
  "validation_metrics": {
    "recall@5": 0.087,
    "ndcg@5": 0.0574,
    "recall@10": 0.1308
  },
  "timestamp": "2025-11-22 14:25:12",
  "model": "MultiVAE",
  "device": "cuda",
  "num_trials": 30
}